{
    "loss": 0.6775872707366943,
    "accuracy": 0.8776978254318237
}